{"mean":{"confidence_interval":{"confidence_level":0.95,"lower_bound":3000968.96548611,"upper_bound":3012818.342458332},"point_estimate":3006317.5694444436,"standard_error":3041.6828138715014},"median":{"confidence_interval":{"confidence_level":0.95,"lower_bound":2996293.583333333,"upper_bound":3000901.9444444445},"point_estimate":2997794.388888889,"standard_error":1107.5755328567975},"median_abs_dev":{"confidence_interval":{"confidence_level":0.95,"lower_bound":6598.064082861177,"upper_bound":10950.40103892493},"point_estimate":8364.376034836052,"standard_error":1084.4774440497772},"slope":null,"std_dev":{"confidence_interval":{"confidence_level":0.95,"lower_bound":14344.369190318463,"upper_bound":43245.261639968136},"point_estimate":30633.069561311033,"standard_error":7403.490859153153}}