{"mean":{"confidence_interval":{"confidence_level":0.95,"lower_bound":51654355.01775,"upper_bound":52136380.741749994},"point_estimate":51892424.75,"standard_error":122259.30503066476},"median":{"confidence_interval":{"confidence_level":0.95,"lower_bound":51799457.0,"upper_bound":52160387.0},"point_estimate":51975299.5,"standard_error":87834.43764101902},"median_abs_dev":{"confidence_interval":{"confidence_level":0.95,"lower_bound":516515.5918300152,"upper_bound":1265572.541731596},"point_estimate":737165.7568126917,"standard_error":199430.77205058272},"slope":null,"std_dev":{"confidence_interval":{"confidence_level":0.95,"lower_bound":993610.0604209111,"upper_bound":1449626.2543760436},"point_estimate":1228586.3949513289,"standard_error":116392.16135271647}}