{"mean":{"confidence_interval":{"confidence_level":0.95,"lower_bound":5676356.864444441,"upper_bound":5683171.971666666},"point_estimate":5679624.046666669,"standard_error":1738.863043039097},"median":{"confidence_interval":{"confidence_level":0.95,"lower_bound":5672736.555555556,"upper_bound":5676769.388888889},"point_estimate":5675332.166666666,"standard_error":1026.7185718959477},"median_abs_dev":{"confidence_interval":{"confidence_level":0.95,"lower_bound":6362.907253702865,"upper_bound":12151.801217596043},"point_estimate":9085.207905370757,"standard_error":1487.8349239347615},"slope":null,"std_dev":{"confidence_interval":{"confidence_level":0.95,"lower_bound":13306.416870169318,"upper_bound":20991.04281985237},"point_estimate":17504.417051748187,"standard_error":1953.7711220298813}}