{"mean":{"confidence_interval":{"confidence_level":0.95,"lower_bound":7079313.036785716,"upper_bound":7171297.849857141},"point_estimate":7119256.972857142,"standard_error":23551.02908431807},"median":{"confidence_interval":{"confidence_level":0.95,"lower_bound":7073827.642857143,"upper_bound":7078436.214285715},"point_estimate":7075659.714285715,"standard_error":1205.096160213542},"median_abs_dev":{"confidence_interval":{"confidence_level":0.95,"lower_bound":8210.744554230047,"upper_bound":13516.122660040855},"point_estimate":11247.638800314593,"standard_error":1356.4207978841482},"slope":null,"std_dev":{"confidence_interval":{"confidence_level":0.95,"lower_bound":30519.452621159304,"upper_bound":360732.80129111896},"point_estimate":236153.75582347007,"standard_error":77834.57653254567}}