{"mean":{"confidence_interval":{"confidence_level":0.95,"lower_bound":9041448.217416666,"upper_bound":9071063.127374997},"point_estimate":9055757.053333333,"standard_error":7562.486752858004},"median":{"confidence_interval":{"confidence_level":0.95,"lower_bound":9014629.166666666,"upper_bound":9027144.166666666},"point_estimate":9019874.333333332,"standard_error":3491.6546447824257},"median_abs_dev":{"confidence_interval":{"confidence_level":0.95,"lower_bound":15529.246324300306,"upper_bound":33321.805058419704},"point_estimate":20653.235383330855,"standard_error":4831.181399773645},"slope":null,"std_dev":{"confidence_interval":{"confidence_level":0.95,"lower_bound":61536.20255566851,"upper_bound":89184.14690202448},"point_estimate":76088.59201492074,"standard_error":7068.256809336146}}