{"mean":{"confidence_interval":{"confidence_level":0.95,"lower_bound":14772911.750187501,"upper_bound":14862525.828875},"point_estimate":14805939.8725,"standard_error":25177.63415769676},"median":{"confidence_interval":{"confidence_level":0.95,"lower_bound":14758621.75,"upper_bound":14775552.25},"point_estimate":14763044.5,"standard_error":5324.601844805728},"median_abs_dev":{"confidence_interval":{"confidence_level":0.95,"lower_bound":25851.169116050005,"upper_bound":46801.048044115305},"point_estimate":32788.06906789541,"standard_error":5443.539731917355},"slope":null,"std_dev":{"confidence_interval":{"confidence_level":0.95,"lower_bound":38397.04195111999,"upper_bound":425325.87295225286},"point_estimate":251923.88917831235,"standard_error":130069.80739261022}}