{"mean":{"confidence_interval":{"confidence_level":0.95,"lower_bound":35057052.71525,"upper_bound":35206530.289125},"point_estimate":35132614.36,"standard_error":38163.032054332514},"median":{"confidence_interval":{"confidence_level":0.95,"lower_bound":35046206.5,"upper_bound":35248069.75},"point_estimate":35162638.5,"standard_error":53763.794950046875},"median_abs_dev":{"confidence_interval":{"confidence_level":0.95,"lower_bound":295220.12520879507,"upper_bound":443218.8143312931},"point_estimate":377804.65024262667,"standard_error":37948.921812927205},"slope":null,"std_dev":{"confidence_interval":{"confidence_level":0.95,"lower_bound":325208.26744765363,"upper_bound":434871.19323477475},"point_estimate":382732.00296284986,"standard_error":28059.29534800211}}