{"mean":{"confidence_interval":{"confidence_level":0.95,"lower_bound":25211098.751125,"upper_bound":25463614.704625},"point_estimate":25310313.44,"standard_error":66986.47866423421},"median":{"confidence_interval":{"confidence_level":0.95,"lower_bound":25181829.5,"upper_bound":25271544.5},"point_estimate":25222900.25,"standard_error":24238.315095294263},"median_abs_dev":{"confidence_interval":{"confidence_level":0.95,"lower_bound":152805.27823716402,"upper_bound":259883.09613615274},"point_estimate":197636.87754124403,"standard_error":26835.536469593422},"slope":null,"std_dev":{"confidence_interval":{"confidence_level":0.95,"lower_bound":181323.99985332775,"upper_bound":1111058.900878703},"point_estimate":674798.9150343842,"standard_error":297120.33012720186}}