{"mean":{"confidence_interval":{"confidence_level":0.95,"lower_bound":7281952.061678574,"upper_bound":7305715.278321432},"point_estimate":7291069.275714287,"standard_error":6490.081819317427},"median":{"confidence_interval":{"confidence_level":0.95,"lower_bound":7276101.285714285,"upper_bound":7284782.142857143},"point_estimate":7279737.142857143,"standard_error":2061.403503656821},"median_abs_dev":{"confidence_interval":{"confidence_level":0.95,"lower_bound":11048.652703847598,"upper_bound":20493.979436159134},"point_estimate":15030.492633155513,"standard_error":2463.7391184348166},"slope":null,"std_dev":{"confidence_interval":{"confidence_level":0.95,"lower_bound":16912.482872796743,"upper_bound":109192.85256099762},"point_estimate":65485.10181294497,"standard_error":31529.074018178544}}