{"mean":{"confidence_interval":{"confidence_level":0.95,"lower_bound":35666315.553624995,"upper_bound":35889040.465},"point_estimate":35780605.95,"standard_error":56844.534752576896},"median":{"confidence_interval":{"confidence_level":0.95,"lower_bound":35726713.5,"upper_bound":36003120.0},"point_estimate":35899933.25,"standard_error":60449.39764614324},"median_abs_dev":{"confidence_interval":{"confidence_level":0.95,"lower_bound":368748.188303411,"upper_bound":612385.6952279806},"point_estimate":516632.3465779424,"standard_error":63975.95584673119},"slope":null,"std_dev":{"confidence_interval":{"confidence_level":0.95,"lower_bound":465881.4460550783,"upper_bound":670417.4008152115},"point_estimate":572563.3365188901,"standard_error":52463.47785749719}}